[
    [
        {
            "name": "资源1的1级机器",
            "build_cost":
            [
                10,
                0,
                0
            ],
            "build_cost_boost":1.2,
            "material_cost":
            [
                0,
                0,
                0
            ],
            "power_cost":0,
            "production":1,
            "describe":"这是资源机器描述"
        },
        {
            "name": "资源1的2级机器",
            "build_cost":
            [
                100,
                0,
                0
            ],
            "build_cost_boost":1.2,
            "material_cost":
            [
                0,
                0,
                0
            ],
            "power_cost":0,
            "production":10,
            "describe":"这是资源机器描述"
        }
    ],
    [
        {
            "name": "资源2的1级机器",
            "build_cost":
            [
                0,
                10,
                0
            ],
            "build_cost_boost":1.2,
            "material_cost":
            [
                0,
                0,
                0
            ],
            "power_cost":0,
            "production":1,
            "describe":"这是资源机器描述"
        },
        {
            "name": "资源2的2级机器",
            "build_cost":
            [
                0,
                100,
                0
            ],
            "build_cost_boost":1.2,
            "material_cost":
            [
                0,
                0,
                0
            ],
            "power_cost":0,
            "production":10,
            "describe":"这是资源机器描述"
        }
    ],
    [
        {
            "name": "资源3的1级机器",
            "build_cost":
            [
                0,
                0,
                10
            ],
            "build_cost_boost":1.2,
            "material_cost":
            [
                0,
                0,
                0
            ],
            "power_cost":0,
            "production":1,
            "describe":"这是资源机器描述"
        },
        {
            "name": "资源3的2级机器",
            "build_cost":
            [
                0,
                0,
                100
            ],
            "build_cost_boost":1.2,
            "material_cost":
            [
                0,
                0,
                0
            ],
            "power_cost":0,
            "production":10,
            "describe":"这是资源机器描述"
        }
    ]
]