{
    "username": "1",
    "power": 0,
    "knowledge": 0,
    "resource_number": [
        0,
        0,
        0
    ],
    "machine_number": [
        [
            0,
            0
        ],
        [
            0,
            0
        ],
        [
            0,
            0
        ]
    ],
    "machine_study_number": [
        0,
        0
    ],
    "machine_power_number": [
        0,
        0
    ],
    "unlock_switch": [
        1,
        0,
        0,
        0,
        0,
        0,
        0
    ]
}