{
    "username": "2",
    "time": "2024-09-27 14:40:38",
    "power": 0,
    "knowledge": 0,
    "resource_number": [
        10,
        12,
        11
    ],
    "machine_number": [
        [
            0,
            0
        ],
        [
            0,
            0
        ],
        [
            0,
            0
        ]
    ],
    "machine_study_number": [
        0,
        0
    ],
    "machine_power_number": [
        0,
        0
    ],
    "unlock_switch": [
        1,
        0,
        0,
        0,
        0,
        0,
        0
    ],
    "machine_switch": [
        [
            1,
            1
        ],
        [
            1,
            1
        ],
        [
            1,
            1
        ]
    ],
    "machine_power_switch": [
        1,
        1
    ]
}