{
    "username": "4",
    "time": "2024-09-27 14:51:25",
    "power": 0,
    "knowledge": 67,
    "resource_number": [
        63,
        2,
        2
    ],
    "machine_number": [
        [
            1,
            0
        ],
        [
            0,
            0
        ],
        [
            0,
            0
        ]
    ],
    "machine_study_number": [
        1,
        0
    ],
    "machine_power_number": [
        0,
        0
    ],
    "unlock_switch": [
        1,
        1,
        0,
        0,
        0,
        0,
        0
    ],
    "machine_switch": [
        [
            1,
            1
        ],
        [
            1,
            1
        ],
        [
            1,
            1
        ]
    ],
    "machine_power_switch": [
        1,
        1
    ]
}