{
    "username": "wxm",
    "time": "2024-09-27 13:39:13",
    "power": 0,
    "knowledge": 102,
    "resource_number": [
        18,
        1,
        3
    ],
    "machine_number": [
        [
            1,
            0
        ],
        [
            0,
            0
        ],
        [
            0,
            0
        ]
    ],
    "machine_study_number": [
        1,
        0
    ],
    "machine_power_number": [
        0,
        0
    ],
    "unlock_switch": [
        1,
        1,
        0,
        0,
        0,
        0,
        0
    ]
}